<?xml version="1.0" encoding="UTF-8"?>
<manifest identifier="man00001" xmlns:bb="http://www.blackboard.com/content-packaging/"><organizations
   default="toc00001"><organization identifier="toc00001"><item identifier="itm00001"
     identifierref="res00005"><title>ROOT</title><item identifier="itm00004"
      identifierref="res00042"><title>--TOP--</title><item identifier="itm00005"
       identifierref="res00043"><title>Course Information / Start Here</title><item identifier="itm00010"
       identifierref="res00048"><title>Instructor's Guide</title></item><item identifier="itm00015"
       identifierref="res00054"><title>Syllabus</title></item><item identifier="itm00017"
        identifierref="res00056"><title>Pedagogical Approach</title><item identifier="itm00038"
       identifierref="res00077"><title>ultraDocumentBody</title></item></item><item identifier="itm00022"
        identifierref="res00061"><title>Getting the Textbook</title><item identifier="itm00039"
       identifierref="res00078"><title>ultraDocumentBody</title></item></item><item identifier="itm00024"
       identifierref="res00063"><title>Learn Databases environment (install on your computer)</title></item><item
       identifier="itm00026"
       identifierref="res00065"><title>Learn Databases environment (Azure Labs Cloud)</title></item><item
       identifier="itm00027"
      identifierref="res00066"><title>iSchool Databases Teams Community</title></item></item><item identifier="itm00006"
       identifierref="res00044"><title>In-Class Tools</title><item identifier="itm00011"
        identifierref="res00049"><title>Instructions (Instructors only)</title><item identifier="itm00037"
       identifierref="res00076"><title>ultraDocumentBody</title></item></item><item identifier="itm00013"
       identifierref="res00051"><title>Class Agenda</title></item><item identifier="itm00019"
       identifierref="res00058"><title>Codeshare</title></item><item identifier="itm00020"
      identifierref="res00059"><title>Online Questions</title></item></item><item identifier="itm00007"
       identifierref="res00045"><title>Lessons</title><item identifier="itm00009"
       identifierref="res00047"><title>Course Content</title></item><item identifier="itm00016"
        identifierref="res00055"><title>Unit 01 - Introduction to Databases</title><item identifier="itm00040"
        identifierref="res00079"><title>Textbook Unit 01</title></item><item identifier="itm00063"
        identifierref="res00102"><title>PlayPosit: Unit 01 Lecture</title></item><item identifier="itm00073"
        identifierref="res00112"><title>PS 01</title></item><item identifier="itm00079"
       identifierref="res00118"><title>Quiz 01</title></item></item><item identifier="itm00018"
        identifierref="res00057"><title>Unit 02 - The Relational Model</title><item identifier="itm00041"
        identifierref="res00080"><title>Textbook Unit 02</title></item><item identifier="itm00064"
        identifierref="res00103"><title>PlayPosit: Unit 02 Lecture</title></item><item identifier="itm00066"
        identifierref="res00105"><title>Quiz 02</title></item><item identifier="itm00088"
       identifierref="res00127"><title>PS 02</title></item></item><item identifier="itm00021"
        identifierref="res00060"><title>Unit 03 - Introduction to SQL</title><item identifier="itm00042"
        identifierref="res00081"><title>Textbook Unit 03</title></item><item identifier="itm00062"
        identifierref="res00101"><title>PlayPosit: Unit 03 Lecture</title></item><item identifier="itm00076"
        identifierref="res00115"><title>Quiz 03</title></item><item identifier="itm00089"
       identifierref="res00128"><title>PS 03</title></item></item><item identifier="itm00023"
        identifierref="res00062"><title>Unit 04 - SQL Select Part 1</title><item identifier="itm00043"
        identifierref="res00082"><title>Textbook Unit 04</title></item><item identifier="itm00061"
        identifierref="res00100"><title>PlayPosit: Unit 04 Lecture</title></item><item identifier="itm00070"
        identifierref="res00109"><title>Quiz 04</title></item><item identifier="itm00090"
       identifierref="res00129"><title>PS 04</title></item></item><item identifier="itm00025"
        identifierref="res00064"><title>Unit 05 - SQL Select Part 2</title><item identifier="itm00044"
        identifierref="res00083"><title>Textbook Unit 05</title></item><item identifier="itm00060"
        identifierref="res00099"><title>PlayPosit: Unit 05 Lecture</title></item><item identifier="itm00077"
        identifierref="res00116"><title>Quiz 05</title></item><item identifier="itm00080"
       identifierref="res00119"><title>PS 05</title></item></item><item identifier="itm00028"
        identifierref="res00067"><title>Unit 06 - SQL Advanced Patterns</title><item identifier="itm00045"
        identifierref="res00084"><title>Textbook Unit 06</title></item><item identifier="itm00059"
        identifierref="res00098"><title>PlayPosit: Unit 06 Lecture</title></item><item identifier="itm00072"
        identifierref="res00111"><title>Quiz 06</title></item><item identifier="itm00091"
       identifierref="res00130"><title>PS 06</title></item></item><item identifier="itm00029"
        identifierref="res00068"><title>Unit 07 - Conceptual Data Modeling</title><item identifier="itm00036"
        identifierref="res00075"><title>Textbook Unit 07</title></item><item identifier="itm00058"
        identifierref="res00097"><title>PlayPosit: Unit 07 Lecture</title></item><item identifier="itm00078"
        identifierref="res00117"><title>Quiz 07</title></item><item identifier="itm00081"
       identifierref="res00120"><title>PS 07</title></item></item><item identifier="itm00030"
        identifierref="res00069"><title>Unit 08 - Logical Data Modeling</title><item identifier="itm00046"
        identifierref="res00085"><title>Textbook Unit 08</title></item><item identifier="itm00056"
        identifierref="res00095"><title>PlayPosit: Unit 08 Lecture</title></item><item identifier="itm00071"
        identifierref="res00110"><title>Quiz 08</title></item><item identifier="itm00082"
       identifierref="res00121"><title>PS 08</title></item></item><item identifier="itm00031"
        identifierref="res00070"><title>Unit 09 - Database Applications</title><item identifier="itm00047"
        identifierref="res00086"><title>Textbook Unit 09</title></item><item identifier="itm00057"
        identifierref="res00096"><title>PlayPosit: Unit 09 Lecture</title></item><item identifier="itm00068"
        identifierref="res00107"><title>Quiz 09</title></item><item identifier="itm00083"
       identifierref="res00122"><title>PS 09</title></item></item><item identifier="itm00032"
        identifierref="res00071"><title>Unit 10 - Database Programming</title><item identifier="itm00048"
        identifierref="res00087"><title>Textbook Unit 10</title></item><item identifier="itm00055"
        identifierref="res00094"><title>PlayPosit: Unit 10 Lecture</title></item><item identifier="itm00069"
        identifierref="res00108"><title>Quiz 10</title></item><item identifier="itm00084"
       identifierref="res00123"><title>PS 10</title></item></item><item identifier="itm00033"
        identifierref="res00072"><title>Unit 11 - Transactions and Concurrency Control</title><item
        identifier="itm00049" identifierref="res00088"><title>Textbook Unit 11</title></item><item identifier="itm00065"
        identifierref="res00104"><title>PlayPosit: Unit 11 Lecture</title></item><item identifier="itm00075"
        identifierref="res00114"><title>Quiz 11</title></item><item identifier="itm00085"
       identifierref="res00124"><title>PS 11</title></item></item><item identifier="itm00034"
        identifierref="res00073"><title>Unit 12 - Performance and Indexing</title><item identifier="itm00050"
        identifierref="res00089"><title>Textbook Unit 12</title></item><item identifier="itm00053"
        identifierref="res00092"><title>PlayPosit: Unit 12 Lecture</title></item><item identifier="itm00067"
        identifierref="res00106"><title>Quiz 12</title></item><item identifier="itm00086"
       identifierref="res00125"><title>PS 12</title></item></item><item identifier="itm00035"
        identifierref="res00074"><title>Unit 13 - Data Normalization</title><item identifier="itm00051"
        identifierref="res00090"><title>Textbook Unit 13</title></item><item identifier="itm00054"
        identifierref="res00093"><title>PlayPosit: Unit 13 Lecture</title></item><item identifier="itm00074"
        identifierref="res00113"><title>Quiz 13</title></item><item identifier="itm00087"
      identifierref="res00126"><title>PS 13</title></item></item></item><item identifier="itm00008"
       identifierref="res00046"><title>Project</title><item identifier="itm00012"
        identifierref="res00050"><title>Start Here</title><item identifier="itm00052"
       identifierref="res00091"><title>ultraDocumentBody</title></item></item><item identifier="itm00014"
    identifierref="res00052"><title>Project</title></item></item></item></item><item identifier="itm00002"
     identifierref="res00006"><title>INTERACTIVE</title><item identifier="itm00092"
    identifierref="res00131"><title>--TOP--</title></item></item><item identifier="itm00003"
     identifierref="res00007"><title>INDIRECT</title><item identifier="itm00093"
      identifierref="res00132"><title>--TOP--</title><item identifier="itm00094"
   identifierref="res00133"><title>PlayPosit: Unit 01 Lecture</title></item></item></item></organization></organizations><resources><resource
   bb:file="res00001.dat" bb:title="Ultra Sandbox - IST.659" identifier="res00001" type="course/x-bb-coursesetting"
   xml:base="res00001"/><resource bb:file="res00002.dat" bb:title="Learning Standard Sub Document Associations"
   identifier="res00002" type="course/x-bb-subdocassociation" xml:base="res00002"/><resource bb:file="res00003.dat"
   bb:title="Course Application Settings" identifier="res00003" type="course/x-bb-courseappsetting"
   xml:base="res00003"/><resource bb:file="res00004.dat" bb:title="Course Navigation Settings" identifier="res00004"
   type="course/x-bb-coursenavsetting" xml:base="res00004"/><resource bb:file="res00005.dat" bb:title="ROOT"
   identifier="res00005" type="course/x-bb-coursetoc" xml:base="res00005"/><resource bb:file="res00006.dat"
   bb:title="INTERACTIVE" identifier="res00006" type="course/x-bb-coursetoc" xml:base="res00006"/><resource
   bb:file="res00007.dat" bb:title="INDIRECT" identifier="res00007" type="course/x-bb-coursetoc"
   xml:base="res00007"/><resource bb:file="res00008.dat" bb:title="Content Handler Data" identifier="res00008"
   type="course/x-bb-contenthandler" xml:base="res00008"/><resource bb:file="res00009.dat" bb:title="Groups"
   identifier="res00009" type="course/x-bb-group" xml:base="res00009"/><resource bb:file="res00010.dat"
   bb:title="New Question Bank 6/6/24" identifier="res00010" type="assessment/x-bb-qti-pool"
   xml:base="res00010"/><resource bb:file="res00011.dat" bb:title="PS 01" identifier="res00011"
   type="assessment/x-bb-qti-test" xml:base="res00011"/><resource bb:file="res00012.dat" bb:title="PS 02"
   identifier="res00012" type="assessment/x-bb-qti-test" xml:base="res00012"/><resource bb:file="res00013.dat"
   bb:title="PS 03" identifier="res00013" type="assessment/x-bb-qti-test" xml:base="res00013"/><resource
   bb:file="res00014.dat" bb:title="PS 04" identifier="res00014" type="assessment/x-bb-qti-test"
   xml:base="res00014"/><resource bb:file="res00015.dat" bb:title="PS 05" identifier="res00015"
   type="assessment/x-bb-qti-test" xml:base="res00015"/><resource bb:file="res00016.dat" bb:title="PS 06"
   identifier="res00016" type="assessment/x-bb-qti-test" xml:base="res00016"/><resource bb:file="res00017.dat"
   bb:title="PS 07" identifier="res00017" type="assessment/x-bb-qti-test" xml:base="res00017"/><resource
   bb:file="res00018.dat" bb:title="PS 08" identifier="res00018" type="assessment/x-bb-qti-test"
   xml:base="res00018"/><resource bb:file="res00019.dat" bb:title="PS 09" identifier="res00019"
   type="assessment/x-bb-qti-test" xml:base="res00019"/><resource bb:file="res00020.dat" bb:title="PS 10"
   identifier="res00020" type="assessment/x-bb-qti-test" xml:base="res00020"/><resource bb:file="res00021.dat"
   bb:title="PS 11" identifier="res00021" type="assessment/x-bb-qti-test" xml:base="res00021"/><resource
   bb:file="res00022.dat" bb:title="PS 12" identifier="res00022" type="assessment/x-bb-qti-test"
   xml:base="res00022"/><resource bb:file="res00023.dat" bb:title="PS 13" identifier="res00023"
   type="assessment/x-bb-qti-test" xml:base="res00023"/><resource bb:file="res00024.dat" bb:title="Quiz 13"
   identifier="res00024" type="assessment/x-bb-qti-test" xml:base="res00024"/><resource bb:file="res00025.dat"
   bb:title="Quiz 11" identifier="res00025" type="assessment/x-bb-qti-test" xml:base="res00025"/><resource
   bb:file="res00026.dat" bb:title="Quiz 03" identifier="res00026" type="assessment/x-bb-qti-test"
   xml:base="res00026"/><resource bb:file="res00027.dat" bb:title="Quiz 05" identifier="res00027"
   type="assessment/x-bb-qti-test" xml:base="res00027"/><resource bb:file="res00028.dat" bb:title="Quiz 07"
   identifier="res00028" type="assessment/x-bb-qti-test" xml:base="res00028"/><resource bb:file="res00029.dat"
   bb:title="Quiz 01" identifier="res00029" type="assessment/x-bb-qti-test" xml:base="res00029"/><resource
   bb:file="res00030.dat" bb:title="Quiz 02" identifier="res00030" type="assessment/x-bb-qti-test"
   xml:base="res00030"/><resource bb:file="res00031.dat" bb:title="Quiz 12" identifier="res00031"
   type="assessment/x-bb-qti-test" xml:base="res00031"/><resource bb:file="res00032.dat" bb:title="Quiz 09"
   identifier="res00032" type="assessment/x-bb-qti-test" xml:base="res00032"/><resource bb:file="res00033.dat"
   bb:title="Quiz 10" identifier="res00033" type="assessment/x-bb-qti-test" xml:base="res00033"/><resource
   bb:file="res00034.dat" bb:title="Quiz 04" identifier="res00034" type="assessment/x-bb-qti-test"
   xml:base="res00034"/><resource bb:file="res00035.dat" bb:title="Quiz 08" identifier="res00035"
   type="assessment/x-bb-qti-test" xml:base="res00035"/><resource bb:file="res00036.dat" bb:title="Quiz 06"
   identifier="res00036" type="assessment/x-bb-qti-test" xml:base="res00036"/><resource bb:file="res00037.dat"
   bb:title="Project" identifier="res00037" type="assessment/x-bb-qti-test" xml:base="res00037"/><resource
   bb:file="res00038.dat" bb:title="Assessment Creation Settings" identifier="res00038"
   type="course/x-bb-courseassessmentcreationsettings" xml:base="res00038"/><resource bb:file="res00039.dat"
   bb:title="Join a group to participate in Project Group Sign-Up Sheets" identifier="res00039"
   type="resource/x-bb-announcement" xml:base="res00039"/><resource bb:file="res00040.dat" bb:title="Conferences"
   identifier="res00040" type="resource/x-bb-conference" xml:base="res00040"/><resource bb:file="res00041.dat"
   bb:title="PlayPosit: Unit 01 Lecture" identifier="res00041" type="resource/x-bb-discussionboard"
   xml:base="res00041"/><resource bb:file="res00042.dat" bb:title="--TOP--" identifier="res00042"
   type="resource/x-bb-document" xml:base="res00042"/><resource bb:file="res00043.dat"
   bb:title="Course Information / Start Here" identifier="res00043" type="resource/x-bb-document"
    xml:base="res00043"><file href="thumbnail.png"/></resource><resource bb:file="res00044.dat"
   bb:title="In-Class Tools" identifier="res00044" type="resource/x-bb-document" xml:base="res00044"><file
   href="thumbnail.png"/></resource><resource bb:file="res00045.dat" bb:title="Lessons" identifier="res00045"
   type="resource/x-bb-document" xml:base="res00045"><file href="thumbnail.png"/></resource><resource
   bb:file="res00046.dat" bb:title="Project" identifier="res00046" type="resource/x-bb-document"
    xml:base="res00046"><file href="thumbnail.png"/></resource><resource bb:file="res00047.dat"
   bb:title="Course Content" identifier="res00047" type="resource/x-bb-document" xml:base="res00047"/><resource
   bb:file="res00048.dat" bb:title="Instructor's Guide" identifier="res00048" type="resource/x-bb-document"
   xml:base="res00048"/><resource bb:file="res00049.dat" bb:title="Instructions (Instructors only)"
   identifier="res00049" type="resource/x-bb-document" xml:base="res00049"/><resource bb:file="res00050.dat"
   bb:title="Start Here" identifier="res00050" type="resource/x-bb-document" xml:base="res00050"/><resource
   bb:file="res00051.dat" bb:title="Class Agenda" identifier="res00051" type="resource/x-bb-document"
   xml:base="res00051"/><resource bb:file="res00052.dat" bb:title="Project" identifier="res00052"
   type="resource/x-bb-document" xml:base="res00052"/><resource bb:file="res00053.dat" bb:title="Group Assignment"
   identifier="res00053" type="course/x-bb-groupcontent" xml:base="res00053"/><resource bb:file="res00054.dat"
   bb:title="Syllabus" identifier="res00054" type="resource/x-bb-document" xml:base="res00054"/><resource
   bb:file="res00055.dat" bb:title="Unit 01 - Introduction to Databases" identifier="res00055"
   type="resource/x-bb-document" xml:base="res00055"/><resource bb:file="res00056.dat" bb:title="Pedagogical Approach"
   identifier="res00056" type="resource/x-bb-document" xml:base="res00056"/><resource bb:file="res00057.dat"
   bb:title="Unit 02 - The Relational Model" identifier="res00057" type="resource/x-bb-document"
   xml:base="res00057"/><resource bb:file="res00058.dat" bb:title="Codeshare" identifier="res00058"
   type="resource/x-bb-document" xml:base="res00058"/><resource bb:file="res00059.dat" bb:title="Online Questions"
   identifier="res00059" type="resource/x-bb-document" xml:base="res00059"/><resource bb:file="res00060.dat"
   bb:title="Unit 03 - Introduction to SQL" identifier="res00060" type="resource/x-bb-document"
   xml:base="res00060"/><resource bb:file="res00061.dat" bb:title="Getting the Textbook" identifier="res00061"
   type="resource/x-bb-document" xml:base="res00061"/><resource bb:file="res00062.dat"
   bb:title="Unit 04 - SQL Select Part 1" identifier="res00062" type="resource/x-bb-document"
   xml:base="res00062"/><resource bb:file="res00063.dat"
   bb:title="Learn Databases environment (install on your computer)" identifier="res00063" type="resource/x-bb-document"
   xml:base="res00063"/><resource bb:file="res00064.dat" bb:title="Unit 05 - SQL Select Part 2" identifier="res00064"
   type="resource/x-bb-document" xml:base="res00064"/><resource bb:file="res00065.dat"
   bb:title="Learn Databases environment (Azure Labs Cloud)" identifier="res00065" type="resource/x-bb-document"
   xml:base="res00065"/><resource bb:file="res00066.dat" bb:title="iSchool Databases Teams Community"
   identifier="res00066" type="resource/x-bb-document" xml:base="res00066"/><resource bb:file="res00067.dat"
   bb:title="Unit 06 - SQL Advanced Patterns" identifier="res00067" type="resource/x-bb-document"
   xml:base="res00067"/><resource bb:file="res00068.dat" bb:title="Unit 07 - Conceptual Data Modeling"
   identifier="res00068" type="resource/x-bb-document" xml:base="res00068"/><resource bb:file="res00069.dat"
   bb:title="Unit 08 - Logical Data Modeling" identifier="res00069" type="resource/x-bb-document"
   xml:base="res00069"/><resource bb:file="res00070.dat" bb:title="Unit 09 - Database Applications"
   identifier="res00070" type="resource/x-bb-document" xml:base="res00070"/><resource bb:file="res00071.dat"
   bb:title="Unit 10 - Database Programming" identifier="res00071" type="resource/x-bb-document"
   xml:base="res00071"/><resource bb:file="res00072.dat" bb:title="Unit 11 - Transactions and Concurrency Control"
   identifier="res00072" type="resource/x-bb-document" xml:base="res00072"/><resource bb:file="res00073.dat"
   bb:title="Unit 12 - Performance and Indexing" identifier="res00073" type="resource/x-bb-document"
   xml:base="res00073"/><resource bb:file="res00074.dat" bb:title="Unit 13 - Data Normalization" identifier="res00074"
   type="resource/x-bb-document" xml:base="res00074"/><resource bb:file="res00075.dat" bb:title="Textbook Unit 07"
   identifier="res00075" type="resource/x-bb-document" xml:base="res00075"/><resource bb:file="res00076.dat"
   bb:title="ultraDocumentBody" identifier="res00076" type="resource/x-bb-document" xml:base="res00076"/><resource
   bb:file="res00077.dat" bb:title="ultraDocumentBody" identifier="res00077" type="resource/x-bb-document"
   xml:base="res00077"/><resource bb:file="res00078.dat" bb:title="ultraDocumentBody" identifier="res00078"
   type="resource/x-bb-document" xml:base="res00078"/><resource bb:file="res00079.dat" bb:title="Textbook Unit 01"
   identifier="res00079" type="resource/x-bb-document" xml:base="res00079"/><resource bb:file="res00080.dat"
   bb:title="Textbook Unit 02" identifier="res00080" type="resource/x-bb-document" xml:base="res00080"/><resource
   bb:file="res00081.dat" bb:title="Textbook Unit 03" identifier="res00081" type="resource/x-bb-document"
   xml:base="res00081"/><resource bb:file="res00082.dat" bb:title="Textbook Unit 04" identifier="res00082"
   type="resource/x-bb-document" xml:base="res00082"/><resource bb:file="res00083.dat" bb:title="Textbook Unit 05"
   identifier="res00083" type="resource/x-bb-document" xml:base="res00083"/><resource bb:file="res00084.dat"
   bb:title="Textbook Unit 06" identifier="res00084" type="resource/x-bb-document" xml:base="res00084"/><resource
   bb:file="res00085.dat" bb:title="Textbook Unit 08" identifier="res00085" type="resource/x-bb-document"
   xml:base="res00085"/><resource bb:file="res00086.dat" bb:title="Textbook Unit 09" identifier="res00086"
   type="resource/x-bb-document" xml:base="res00086"/><resource bb:file="res00087.dat" bb:title="Textbook Unit 10"
   identifier="res00087" type="resource/x-bb-document" xml:base="res00087"/><resource bb:file="res00088.dat"
   bb:title="Textbook Unit 11" identifier="res00088" type="resource/x-bb-document" xml:base="res00088"/><resource
   bb:file="res00089.dat" bb:title="Textbook Unit 12" identifier="res00089" type="resource/x-bb-document"
   xml:base="res00089"/><resource bb:file="res00090.dat" bb:title="Textbook Unit 13" identifier="res00090"
   type="resource/x-bb-document" xml:base="res00090"/><resource bb:file="res00091.dat" bb:title="ultraDocumentBody"
   identifier="res00091" type="resource/x-bb-document" xml:base="res00091"/><resource bb:file="res00092.dat"
   bb:title="PlayPosit: Unit 12 Lecture" identifier="res00092" type="resource/x-bb-document"
   xml:base="res00092"/><resource bb:file="res00093.dat" bb:title="PlayPosit: Unit 13 Lecture" identifier="res00093"
   type="resource/x-bb-document" xml:base="res00093"/><resource bb:file="res00094.dat"
   bb:title="PlayPosit: Unit 10 Lecture" identifier="res00094" type="resource/x-bb-document"
   xml:base="res00094"/><resource bb:file="res00095.dat" bb:title="PlayPosit: Unit 08 Lecture" identifier="res00095"
   type="resource/x-bb-document" xml:base="res00095"/><resource bb:file="res00096.dat"
   bb:title="PlayPosit: Unit 09 Lecture" identifier="res00096" type="resource/x-bb-document"
   xml:base="res00096"/><resource bb:file="res00097.dat" bb:title="PlayPosit: Unit 07 Lecture" identifier="res00097"
   type="resource/x-bb-document" xml:base="res00097"/><resource bb:file="res00098.dat"
   bb:title="PlayPosit: Unit 06 Lecture" identifier="res00098" type="resource/x-bb-document"
   xml:base="res00098"/><resource bb:file="res00099.dat" bb:title="PlayPosit: Unit 05 Lecture" identifier="res00099"
   type="resource/x-bb-document" xml:base="res00099"/><resource bb:file="res00100.dat"
   bb:title="PlayPosit: Unit 04 Lecture" identifier="res00100" type="resource/x-bb-document"
   xml:base="res00100"/><resource bb:file="res00101.dat" bb:title="PlayPosit: Unit 03 Lecture" identifier="res00101"
   type="resource/x-bb-document" xml:base="res00101"/><resource bb:file="res00102.dat"
   bb:title="PlayPosit: Unit 01 Lecture" identifier="res00102" type="resource/x-bb-document"
   xml:base="res00102"/><resource bb:file="res00103.dat" bb:title="PlayPosit: Unit 02 Lecture" identifier="res00103"
   type="resource/x-bb-document" xml:base="res00103"/><resource bb:file="res00104.dat"
   bb:title="PlayPosit: Unit 11 Lecture" identifier="res00104" type="resource/x-bb-document"
   xml:base="res00104"/><resource bb:file="res00105.dat" bb:title="Quiz 02" identifier="res00105"
   type="resource/x-bb-document" xml:base="res00105"/><resource bb:file="res00106.dat" bb:title="Quiz 12"
   identifier="res00106" type="resource/x-bb-document" xml:base="res00106"/><resource bb:file="res00107.dat"
   bb:title="Quiz 09" identifier="res00107" type="resource/x-bb-document" xml:base="res00107"/><resource
   bb:file="res00108.dat" bb:title="Quiz 10" identifier="res00108" type="resource/x-bb-document"
   xml:base="res00108"/><resource bb:file="res00109.dat" bb:title="Quiz 04" identifier="res00109"
   type="resource/x-bb-document" xml:base="res00109"/><resource bb:file="res00110.dat" bb:title="Quiz 08"
   identifier="res00110" type="resource/x-bb-document" xml:base="res00110"/><resource bb:file="res00111.dat"
   bb:title="Quiz 06" identifier="res00111" type="resource/x-bb-document" xml:base="res00111"/><resource
   bb:file="res00112.dat" bb:title="PS 01" identifier="res00112" type="resource/x-bb-document"
   xml:base="res00112"/><resource bb:file="res00113.dat" bb:title="Quiz 13" identifier="res00113"
   type="resource/x-bb-document" xml:base="res00113"/><resource bb:file="res00114.dat" bb:title="Quiz 11"
   identifier="res00114" type="resource/x-bb-document" xml:base="res00114"/><resource bb:file="res00115.dat"
   bb:title="Quiz 03" identifier="res00115" type="resource/x-bb-document" xml:base="res00115"/><resource
   bb:file="res00116.dat" bb:title="Quiz 05" identifier="res00116" type="resource/x-bb-document"
   xml:base="res00116"/><resource bb:file="res00117.dat" bb:title="Quiz 07" identifier="res00117"
   type="resource/x-bb-document" xml:base="res00117"/><resource bb:file="res00118.dat" bb:title="Quiz 01"
   identifier="res00118" type="resource/x-bb-document" xml:base="res00118"/><resource bb:file="res00119.dat"
   bb:title="PS 05" identifier="res00119" type="resource/x-bb-document" xml:base="res00119"/><resource
   bb:file="res00120.dat" bb:title="PS 07" identifier="res00120" type="resource/x-bb-document"
   xml:base="res00120"/><resource bb:file="res00121.dat" bb:title="PS 08" identifier="res00121"
   type="resource/x-bb-document" xml:base="res00121"/><resource bb:file="res00122.dat" bb:title="PS 09"
   identifier="res00122" type="resource/x-bb-document" xml:base="res00122"/><resource bb:file="res00123.dat"
   bb:title="PS 10" identifier="res00123" type="resource/x-bb-document" xml:base="res00123"/><resource
   bb:file="res00124.dat" bb:title="PS 11" identifier="res00124" type="resource/x-bb-document"
   xml:base="res00124"/><resource bb:file="res00125.dat" bb:title="PS 12" identifier="res00125"
   type="resource/x-bb-document" xml:base="res00125"/><resource bb:file="res00126.dat" bb:title="PS 13"
   identifier="res00126" type="resource/x-bb-document" xml:base="res00126"/><resource bb:file="res00127.dat"
   bb:title="PS 02" identifier="res00127" type="resource/x-bb-document" xml:base="res00127"/><resource
   bb:file="res00128.dat" bb:title="PS 03" identifier="res00128" type="resource/x-bb-document"
   xml:base="res00128"/><resource bb:file="res00129.dat" bb:title="PS 04" identifier="res00129"
   type="resource/x-bb-document" xml:base="res00129"/><resource bb:file="res00130.dat" bb:title="PS 06"
   identifier="res00130" type="resource/x-bb-document" xml:base="res00130"/><resource bb:file="res00131.dat"
   bb:title="--TOP--" identifier="res00131" type="resource/x-bb-document" xml:base="res00131"/><resource
   bb:file="res00132.dat" bb:title="--TOP--" identifier="res00132" type="resource/x-bb-document"
   xml:base="res00132"/><resource bb:file="res00133.dat" bb:title="PlayPosit: Unit 01 Lecture" identifier="res00133"
   type="resource/x-bb-document" xml:base="res00133"/><resource bb:file="res00134.dat" bb:title="LearnRubrics"
   identifier="res00134" type="course/x-bb-rubrics" xml:base="res00134"/><resource bb:file="res00135.dat"
   bb:title="Gradebook" identifier="res00135" type="course/x-bb-gradebook" xml:base="res00135"/><resource
   bb:file="res00136.dat" bb:title="Course Assessment" identifier="res00136" type="course/x-bb-courseassessment"
   xml:base="res00136"/><resource bb:file="res00137.dat" bb:title="Course Assessment" identifier="res00137"
   type="course/x-bb-courseassessment" xml:base="res00137"/><resource bb:file="res00138.dat"
   bb:title="Course Assessment" identifier="res00138" type="course/x-bb-courseassessment" xml:base="res00138"/><resource
   bb:file="res00139.dat" bb:title="Course Assessment" identifier="res00139" type="course/x-bb-courseassessment"
   xml:base="res00139"/><resource bb:file="res00140.dat" bb:title="Course Assessment" identifier="res00140"
   type="course/x-bb-courseassessment" xml:base="res00140"/><resource bb:file="res00141.dat"
   bb:title="Course Assessment" identifier="res00141" type="course/x-bb-courseassessment" xml:base="res00141"/><resource
   bb:file="res00142.dat" bb:title="Course Assessment" identifier="res00142" type="course/x-bb-courseassessment"
   xml:base="res00142"/><resource bb:file="res00143.dat" bb:title="Course Assessment" identifier="res00143"
   type="course/x-bb-courseassessment" xml:base="res00143"/><resource bb:file="res00144.dat"
   bb:title="Course Assessment" identifier="res00144" type="course/x-bb-courseassessment" xml:base="res00144"/><resource
   bb:file="res00145.dat" bb:title="Course Assessment" identifier="res00145" type="course/x-bb-courseassessment"
   xml:base="res00145"/><resource bb:file="res00146.dat" bb:title="Course Assessment" identifier="res00146"
   type="course/x-bb-courseassessment" xml:base="res00146"/><resource bb:file="res00147.dat"
   bb:title="Course Assessment" identifier="res00147" type="course/x-bb-courseassessment" xml:base="res00147"/><resource
   bb:file="res00148.dat" bb:title="Course Assessment" identifier="res00148" type="course/x-bb-courseassessment"
   xml:base="res00148"/><resource bb:file="res00149.dat" bb:title="Course Assessment" identifier="res00149"
   type="course/x-bb-courseassessment" xml:base="res00149"/><resource bb:file="res00150.dat"
   bb:title="Course Assessment" identifier="res00150" type="course/x-bb-courseassessment" xml:base="res00150"/><resource
   bb:file="res00151.dat" bb:title="Course Assessment" identifier="res00151" type="course/x-bb-courseassessment"
   xml:base="res00151"/><resource bb:file="res00152.dat" bb:title="Course Assessment" identifier="res00152"
   type="course/x-bb-courseassessment" xml:base="res00152"/><resource bb:file="res00153.dat"
   bb:title="Course Assessment" identifier="res00153" type="course/x-bb-courseassessment" xml:base="res00153"/><resource
   bb:file="res00154.dat" bb:title="Course Assessment" identifier="res00154" type="course/x-bb-courseassessment"
   xml:base="res00154"/><resource bb:file="res00155.dat" bb:title="Course Assessment" identifier="res00155"
   type="course/x-bb-courseassessment" xml:base="res00155"/><resource bb:file="res00156.dat"
   bb:title="Course Assessment" identifier="res00156" type="course/x-bb-courseassessment" xml:base="res00156"/><resource
   bb:file="res00157.dat" bb:title="Course Assessment" identifier="res00157" type="course/x-bb-courseassessment"
   xml:base="res00157"/><resource bb:file="res00158.dat" bb:title="Course Assessment" identifier="res00158"
   type="course/x-bb-courseassessment" xml:base="res00158"/><resource bb:file="res00159.dat"
   bb:title="Course Assessment" identifier="res00159" type="course/x-bb-courseassessment" xml:base="res00159"/><resource
   bb:file="res00160.dat" bb:title="Course Assessment" identifier="res00160" type="course/x-bb-courseassessment"
   xml:base="res00160"/><resource bb:file="res00161.dat" bb:title="Course Assessment" identifier="res00161"
   type="course/x-bb-courseassessment" xml:base="res00161"/><resource bb:file="res00162.dat"
   bb:title="Course Assessment" identifier="res00162" type="course/x-bb-courseassessment" xml:base="res00162"/><resource
   bb:file="res00163.dat" bb:title="" identifier="res00163" type="resource/x-bb-link" xml:base="res00163"/><resource
   bb:file="res00164.dat" bb:title="" identifier="res00164" type="resource/x-bb-link" xml:base="res00164"/><resource
   bb:file="res00165.dat" bb:title="New Assignment 6/6/24" identifier="res00165" type="resource/x-bb-link"
   xml:base="res00165"/><resource bb:file="res00166.dat" bb:title="New Assignment 6/6/24" identifier="res00166"
   type="resource/x-bb-link" xml:base="res00166"/><resource bb:file="res00167.dat" bb:title="New Assignment 6/6/24"
   identifier="res00167" type="resource/x-bb-link" xml:base="res00167"/><resource bb:file="res00168.dat"
   bb:title="New Assignment 6/6/24" identifier="res00168" type="resource/x-bb-link" xml:base="res00168"/><resource
   bb:file="res00169.dat" bb:title="New Assignment 6/6/24" identifier="res00169" type="resource/x-bb-link"
   xml:base="res00169"/><resource bb:file="res00170.dat" bb:title="New Assignment 6/6/24" identifier="res00170"
   type="resource/x-bb-link" xml:base="res00170"/><resource bb:file="res00171.dat" bb:title="New Assignment 6/6/24"
   identifier="res00171" type="resource/x-bb-link" xml:base="res00171"/><resource bb:file="res00172.dat"
   bb:title="New Assignment 6/6/24" identifier="res00172" type="resource/x-bb-link" xml:base="res00172"/><resource
   bb:file="res00173.dat" bb:title="New Assignment 6/6/24" identifier="res00173" type="resource/x-bb-link"
   xml:base="res00173"/><resource bb:file="res00174.dat" bb:title="New Assignment 6/6/24" identifier="res00174"
   type="resource/x-bb-link" xml:base="res00174"/><resource bb:file="res00175.dat" bb:title="New Assignment 6/6/24"
   identifier="res00175" type="resource/x-bb-link" xml:base="res00175"/><resource bb:file="res00176.dat"
   bb:title="New Assignment 6/6/24" identifier="res00176" type="resource/x-bb-link" xml:base="res00176"/><resource
   bb:file="res00177.dat" bb:title="New Assignment 6/6/24" identifier="res00177" type="resource/x-bb-link"
   xml:base="res00177"/><resource bb:file="res00178.dat" bb:title="Unit 13 Quiz" identifier="res00178"
   type="resource/x-bb-link" xml:base="res00178"/><resource bb:file="res00179.dat" bb:title="Unit 11 Quiz"
   identifier="res00179" type="resource/x-bb-link" xml:base="res00179"/><resource bb:file="res00180.dat"
   bb:title="Unit 3 Quiz" identifier="res00180" type="resource/x-bb-link" xml:base="res00180"/><resource
   bb:file="res00181.dat" bb:title="Unit 5 Quiz" identifier="res00181" type="resource/x-bb-link"
   xml:base="res00181"/><resource bb:file="res00182.dat" bb:title="Unit 7 Quiz" identifier="res00182"
   type="resource/x-bb-link" xml:base="res00182"/><resource bb:file="res00183.dat" bb:title="Unit 1 Quiz"
   identifier="res00183" type="resource/x-bb-link" xml:base="res00183"/><resource bb:file="res00184.dat"
   bb:title="Unit 2 Quiz" identifier="res00184" type="resource/x-bb-link" xml:base="res00184"/><resource
   bb:file="res00185.dat" bb:title="Unit 12 Quiz" identifier="res00185" type="resource/x-bb-link"
   xml:base="res00185"/><resource bb:file="res00186.dat" bb:title="Unit 9 Quiz" identifier="res00186"
   type="resource/x-bb-link" xml:base="res00186"/><resource bb:file="res00187.dat" bb:title="Unit 10 Quiz"
   identifier="res00187" type="resource/x-bb-link" xml:base="res00187"/><resource bb:file="res00188.dat"
   bb:title="Unit 4 Quiz" identifier="res00188" type="resource/x-bb-link" xml:base="res00188"/><resource
   bb:file="res00189.dat" bb:title="Unit 8 Quiz" identifier="res00189" type="resource/x-bb-link"
   xml:base="res00189"/><resource bb:file="res00190.dat" bb:title="New Test 6/6/24" identifier="res00190"
   type="resource/x-bb-link" xml:base="res00190"/><resource bb:file="res00191.dat" bb:title="New Assignment 6/6/24"
   identifier="res00191" type="resource/x-bb-link" xml:base="res00191"/><resource bb:file="res00192.dat" bb:title=""
   identifier="res00192" type="resource/x-bb-link" xml:base="res00192"/><resource bb:file="res00193.dat"
   bb:title="CSResourceLinks" identifier="res00193" type="course/x-bb-csresourcelinks" xml:base="res00193"/><resource
   bb:file="res00194.dat" bb:title="Standard Alignments" identifier="res00194" type="course/x-bb-stdsalignments"
   xml:base="res00194"/><resource bb:file="res00195.dat" bb:title="CourseRubricAssociation" identifier="res00195"
   type="course/x-bb-crsrubricassocation" xml:base="res00195"/><resource bb:file="res00196.dat" bb:title="BB_EWS_RULE_"
   identifier="res00196" type="resource/x-bb-retention" xml:base="res00196"/></resources></manifest>
